id,first_name,last_name,family_id,date_of_birth,rating,active
1,Demarcus,Heathcote,98,2004-10-12,0,t
2,Emery,Wyman,18,2006-10-12,361,t
3,Tristin,Rippin,73,2007-10-12,203,t
4,Verlie,Wiza,14,2004-10-12,113,t
5,Kade,Doyle,79,2002-10-12,0,t
6,Xavier,McCullough,37,2005-10-12,121,t
7,Trent,VonRueden,80,2007-10-12,243,t
8,Ernie,Schaefer,56,2002-10-12,237,t
9,Leon,Jacobi,48,2006-10-12,345,t
10,Madalyn,Breitenberg,19,2008-10-12,0,t
11,Edwin,Herman,29,2009-10-12,0,t
12,Brennan,Kunde,22,2002-10-12,0,t
13,Nicolette,Satterfield,29,2006-10-12,121,t
14,Hershel,Kutch,94,2006-10-12,0,t
15,Rachael,Upton,30,2005-10-12,248,t
16,Titus,Berge,4,2009-10-12,176,t
17,Layne,Jenkins,85,2007-10-12,0,t
18,Jaydon,Goldner,40,2003-10-12,0,t
19,Adonis,Cruickshank,5,2003-10-12,0,t
20,Gaylord,Brown,94,2009-10-12,0,t
21,Vada,Kunde,22,2008-10-12,0,t
22,Miller,Rippin,73,2009-10-12,0,t
23,April,Kovacek,33,2002-10-12,277,t
24,Sydney,Weber,81,2007-10-12,125,t
25,Desmond,Wyman,18,2003-10-12,358,t
26,Griffin,Hansen,27,2002-10-12,0,t
27,Marcella,Breitenberg,19,2008-10-12,0,t
28,Delfina,Bode,79,2007-10-12,0,t
29,Dean,Kunde,6,2005-10-12,305,t
30,Ramiro,Mann,21,2004-10-12,0,t
31,Herminia,Upton,30,2002-10-12,0,t
32,Ruth,Nienow,72,2007-10-12,120,t
33,Margarita,Lang,49,2008-10-12,335,t
34,Johanna,Abshire,86,2004-10-12,0,t
35,Domenic,Berge,4,2003-10-12,0,t
36,Rosetta,Waelchi,78,2005-10-12,288,t
37,Lurline,Braun,15,2006-10-12,265,t
38,Salma,Reilly,31,2008-10-12,129,t
39,Clemmie,Beahan,77,2002-10-12,0,t
40,Albin,Ortiz,39,2004-10-12,0,t
41,Kadin,Koelpin,42,2004-10-12,0,t
42,Dagmar,Zboncak,93,2002-10-12,205,t
43,Meda,Wisoky,82,2003-10-12,0,t
44,Lina,Upton,30,2003-10-12,0,t
45,Princess,Wyman,14,2005-10-12,0,t
46,Buck,Leuschke,16,2005-10-12,384,t
47,Arianna,Simonis,62,2004-10-12,336,t
48,Gina,Simonis,62,2008-10-12,0,t
49,Alphonso,DuBuque,1,2005-10-12,0,t
50,Misael,Langosh,24,2002-10-12,229,t
51,Jadon,Lowe,42,2006-10-12,0,t
52,Sophie,McKenzie,12,2004-10-12,285,t
53,Sandra,McDermott,97,2007-10-12,204,t
54,Erika,Kunde,6,2007-10-12,0,t
55,Cooper,Smitham,29,2004-10-12,281,t
56,Reece,Wisoky,34,2003-10-12,0,t
57,Lea,Smith,36,2003-10-12,232,t
58,Guiseppe,Prosacco,80,2008-10-12,0,t
59,Perry,Nienow,72,2006-10-12,154,t
60,Jess,Leuschke,16,2002-10-12,0,t
61,Dovie,Kunde,6,2006-10-12,0,t
62,Abbey,Schulist,38,2003-10-12,0,t
63,Vesta,Kunde,22,2002-10-12,0,t
64,Doug,Streich,96,2006-10-12,0,t
65,Cassandra,Stroman,35,2003-10-12,256,t
66,Samantha,MacGyver,77,2009-10-12,0,t
67,Bethany,Schaefer,70,2007-10-12,0,t
68,Loy,Tillman,92,2006-10-12,0,t
69,Gavin,Monahan,8,2002-10-12,240,t
70,Rickey,Eichmann,11,2002-10-12,0,t
71,Sallie,Gottlieb,53,2008-10-12,322,t
72,Bennett,VonRueden,80,2004-10-12,286,t
73,Darrion,Farrell,35,2006-10-12,198,t
74,Dustin,Frami,47,2005-10-12,0,t
75,Mozelle,Wilderman,3,2009-10-12,0,t
76,Jacquelyn,Johnston,77,2008-10-12,108,t
77,Jessyca,White,39,2008-10-12,0,t
78,Sedrick,Braun,15,2002-10-12,0,t
79,Kay,Price,17,2008-10-12,133,t
80,Harvey,Armstrong,33,2008-10-12,0,t
81,Virginia,Leannon,68,2006-10-12,302,t
82,Sandra,Schuppe,90,2009-10-12,116,t
83,Kaycee,Tillman,92,2008-10-12,153,t
84,Jessica,Reilly,31,2007-10-12,0,t
85,Carolina,Swift,99,2003-10-12,0,t
86,Holly,Nienow,72,2004-10-12,102,t
87,Lucius,VonRueden,80,2006-10-12,0,t
88,Demond,Murphy,65,2006-10-12,0,t
89,Aron,Kuvalis,9,2005-10-12,0,t
90,Corrine,Kutch,64,2004-10-12,167,t
91,Allan,Schaefer,70,2002-10-12,0,t
92,Guiseppe,Hettinger,2,2009-10-12,333,t
93,Einar,Schumm,41,2004-10-12,0,t
94,Gunner,Kshlerin,60,2007-10-12,0,t
95,Skye,Schulist,38,2009-10-12,337,t
96,Randall,Wisoky,34,2002-10-12,0,t
97,Dayana,Eichmann,11,2005-10-12,278,t
98,Judy,Nikolaus,68,2006-10-12,137,t
99,Mauricio,Robel,97,2006-10-12,168,t
100,Murphy,DuBuque,1,2008-10-12,326,t
101,Woodrow,O'Conner,26,2009-10-12,156,t
102,Stefanie,Grimes,54,2005-10-12,0,t
103,Jensen,Pacocha,54,2002-10-12,0,t
104,Theodora,Frami,47,2005-10-12,0,t
105,Mae,Abshire,86,2009-10-12,0,t
106,Merritt,Parisian,71,2006-10-12,0,t
107,Pascale,Maggio,93,2008-10-12,360,t
108,Jaleel,Hintz,57,2004-10-12,298,t
109,Kira,Reilly,31,2006-10-12,0,t
110,Gina,Schaefer,70,2009-10-12,120,t
111,Wade,Schaefer,56,2007-10-12,137,t
112,Arno,Wisoky,34,2009-10-12,0,t
113,Gwen,Eichmann,11,2008-10-12,0,t
114,Gregory,Daniel,92,2005-10-12,254,t
115,Corbin,Jacobi,48,2009-10-12,0,t
116,Edison,Lang,83,2004-10-12,0,t
117,Vernice,Bechtelar,58,2009-10-12,144,t
118,Esta,Cronin,88,2008-10-12,124,t
119,Ena,Schulist,38,2002-10-12,0,t
120,Kenyatta,Leuschke,16,2005-10-12,0,t
121,Kristina,Schuppe,90,2009-10-12,0,t
122,Torrey,Lueilwitz,7,1999-10-12,612,t
123,Shayna,Bechtelar,58,2000-10-12,740,t
124,Brody,Senger,46,2007-10-12,719,t
125,Dayne,Reilly,49,2006-10-12,560,t
126,Narciso,Predovic,82,2000-10-12,556,t
127,Duncan,Bechtelar,58,2005-10-12,800,t
128,Jaida,Kovacek,33,2001-10-12,572,t
129,Roma,Wiegand,11,1999-10-12,776,t
130,Aniyah,Braun,15,2002-10-12,577,t
131,Ayana,Bogisich,32,2000-10-12,685,t
132,Lyda,Towne,82,1999-10-12,652,t
133,Yolanda,Tillman,92,2001-10-12,680,t
134,Makenzie,Bahringer,50,1999-10-12,790,t
135,Harold,Hayes,67,2006-10-12,578,t
136,Sally,Ortiz,39,2007-10-12,543,t
137,Emmy,Kris,75,2002-10-12,726,t
138,Hosea,Huel,23,2002-10-12,584,t
139,Terrance,Hintz,57,2007-10-12,664,t
140,Pansy,Tillman,92,2001-10-12,732,t
141,Tatum,Ortiz,39,1999-10-12,556,t
142,Keith,Lowe,53,2004-10-12,605,t
143,Rita,Dietrich,25,2007-10-12,670,t
144,Darrell,Cronin,88,2002-10-12,545,t
145,Mya,Ankunding,64,2005-10-12,618,t
146,Ethelyn,Schuppe,90,2001-10-12,529,t
147,Daisy,Smith,61,1999-10-12,595,t
148,Christ,Koelpin,42,2006-10-12,714,t
149,Elmore,Morar,25,2000-10-12,585,t
150,Magnolia,Price,17,2004-10-12,805,t
151,Matt,Bode,79,2005-10-12,535,t
152,Jeffry,Ortiz,39,2006-10-12,593,t
153,Merlin,Koelpin,42,2002-10-12,533,t
154,Melyssa,Hayes,91,1999-10-12,668,t
155,Lea,Berge,4,1999-10-12,708,t
156,Liam,Stroman,35,2005-10-12,595,t
157,Juston,Abernathy,87,2002-10-12,595,t
158,Idella,Hamill,43,2007-10-12,671,t
159,Domenic,Price,17,2002-10-12,699,t
160,Eino,Bahringer,50,2004-10-12,750,t
161,Tyson,McKenzie,97,2003-10-12,793,t
162,Stuart,VonRueden,80,2002-10-12,567,t
163,Kevin,McKenzie,12,2006-10-12,627,t
164,Keon,Streich,96,1999-10-12,664,t
165,Oswald,Hayes,91,1999-10-12,544,t
166,Karen,Reilly,49,2003-10-12,533,t
167,Brooke,Wyman,18,2004-10-12,576,t
168,Dena,Kertzmann,43,2007-10-12,542,t
169,Kamren,Schneider,27,2002-10-12,804,t
170,Albin,Bode,79,2007-10-12,531,t
171,Odessa,Glover,41,2002-10-12,823,t
172,Jaquan,Bahringer,50,2000-10-12,677,t
173,Adelia,Bergstrom,52,2004-10-12,532,t
174,Loma,Senger,46,2001-10-12,793,t
175,Ryleigh,Kshlerin,60,2000-10-12,585,t
176,Lucinda,Reilly,31,2001-10-12,653,t
177,Derrick,Upton,30,2004-10-12,703,t
178,Jaren,Berge,4,2003-10-12,793,t
179,Jerod,Frami,47,2000-10-12,528,t
180,Kelton,Mertz,55,2007-10-12,671,t
181,Otha,Cassin,63,2006-10-12,780,t
182,Rosalee,Bechtelar,58,1999-10-12,536,t
183,Haleigh,Walter,69,2007-10-12,765,t
184,Franco,Kunde,22,2002-10-12,613,t
185,Colleen,O'Conner,78,2000-10-12,654,t
186,Eloy,Stroman,35,1999-10-12,554,t
187,Norbert,Morar,25,2006-10-12,625,t
188,Rosalind,Hamill,43,2003-10-12,694,t
189,Erwin,Nienow,72,2003-10-12,649,t
190,Austen,Jenkins,97,2005-10-12,1057,t
191,Jazlyn,Borer,66,2002-10-12,1133,t
192,Gerda,Eichmann,11,2005-10-12,1275,t
193,Tia,Heathcote,98,2003-10-12,1280,t
194,Hosea,Stracke,95,1997-10-12,1035,t
195,Micheal,Jacobi,48,1999-10-12,1253,t
196,Carmine,Bahringer,50,2003-10-12,1356,t
197,Barrett,Koelpin,42,2003-10-12,1183,t
198,Frederik,VonRueden,80,2005-10-12,1290,t
199,Garry,Hackett,64,1999-10-12,1480,t
200,Genoveva,Mitchell,10,2004-10-12,1367,t
201,Antone,Breitenberg,26,2006-10-12,1444,t
202,Berry,VonRueden,80,2003-10-12,1020,t
203,Freeman,Wyman,18,1998-10-12,1210,t
204,Alba,Zboncak,93,2006-10-12,1342,t
205,Georgiana,Wiza,100,1997-10-12,1194,t
206,Van,Walter,69,2003-10-12,1317,t
207,Korey,Kunde,6,2005-10-12,1137,t
208,Tara,Erdman,45,2000-10-12,1323,t
209,Arthur,Bahringer,50,2001-10-12,1240,t
210,Hilbert,Hamill,43,2000-10-12,1457,t
211,Rosendo,Kris,75,1998-10-12,1365,t
212,Jordi,Abshire,86,2006-10-12,1141,t
213,Margarete,O'Kon,13,2000-10-12,1105,t
214,Sigrid,Berge,4,2000-10-12,1369,t
215,Neoma,Gleason,88,2001-10-12,1004,t
216,Jayne,Rippin,73,2002-10-12,1196,t
217,Doyle,Purdy,66,2002-10-12,1172,t
218,Freddy,McKenzie,97,2005-10-12,1231,t
219,Hope,Wyman,18,1997-10-12,1394,t
220,Tate,Gutmann,95,2001-10-12,1097,t
221,Bart,Ryan,76,2005-10-12,1304,t
222,Thelma,Hudson,51,1998-10-12,1410,t
223,Zola,Schumm,41,2003-10-12,1067,t
224,Jett,Windler,63,1997-10-12,1037,t
225,Noelia,Lueilwitz,7,1999-10-12,1030,t
226,Stanton,Hamill,43,1999-10-12,1460,t
227,Kasandra,Leannon,68,1999-10-12,1356,t
228,Alayna,Wisoky,34,2005-10-12,1286,t
229,Rex,Kutch,13,2000-10-12,1167,t
